Customer ID,Free Account Created Date,Last Seen,Session Count,Segment,Billing Account #
1,5/29/2017,4/5/2019,1379,Marketing Segment 2,AX#93195
2,12/17/2017,4/27/2019,531,Marketing Segment 1,AX#20438
3,1/30/2017,4/22/2019,317,Marketing Segment 1,AX#60779
4,2/3/2017,4/23/2019,349,Marketing Segment 1,AX#91209
5,3/18/2017,4/5/2019,1158,Marketing Segment 2,AX#57000
6,3/19/2017,4/28/2019,279,Marketing Segment 1,AX#30186
7,5/18/2017,4/27/2019,386,Marketing Segment 1,AX#32309
8,5/21/2017,4/19/2019,98,Marketing Segment 1,AX#45407
9,5/28/2017,12/18/2017,18,Marketing Segment 3,AX#48539
10,5/29/2017,4/28/2019,2187,Marketing Segment 1,AX#31700
11,6/3/2017,4/27/2019,105,Marketing Segment 1,AX#51195
12,6/9/2017,4/28/2019,1800,Marketing Segment 1,AX#29479
13,6/20/2017,4/23/2019,2191,Marketing Segment 1,AX#26417
14,6/24/2017,4/20/2019,3394,Marketing Segment 1,AX#69913
15,7/15/2017,4/26/2019,241,Marketing Segment 1,AX#96310
16,7/15/2017,4/28/2019,1212,Marketing Segment 1,AX#77162
17,7/17/2017,4/28/2019,1333,Marketing Segment 1,AX#60254
18,7/22/2017,4/25/2019,1657,Marketing Segment 1,AX#90212
19,7/31/2017,4/22/2019,285,Marketing Segment 1,AX#42372
20,8/8/2017,4/18/2019,2501,Marketing Segment 1,AX#33835
21,8/15/2017,4/24/2019,26,Marketing Segment 3,AX#32025
22,9/1/2017,4/28/2019,1409,Marketing Segment 1,AX#17932
23,9/29/2017,4/26/2019,225,Marketing Segment 1,AX#14488
24,10/3/2017,4/28/2019,352,Marketing Segment 2,AX#18601
25,10/9/2017,4/28/2019,10531,Marketing Segment 1,AX#80461
26,10/15/2017,12/29/2018,85,Marketing Segment 2,AX#47437
27,10/16/2017,4/28/2019,184,Marketing Segment 1,AX#96269
28,10/17/2017,2/4/2018,0,Marketing Segment 3,AX#63705
29,10/17/2017,4/28/2019,24,Marketing Segment 1,AX#14296
30,10/19/2017,4/28/2019,0,Marketing Segment 1,AX#53149
31,10/20/2017,4/28/2019,2171,Marketing Segment 1,AX#90699
32,10/21/2017,12/18/2018,93,Marketing Segment 2,AX#23324
33,10/25/2017,4/21/2019,465,Marketing Segment 3,AX#65907
34,10/29/2017,4/13/2019,10,Marketing Segment 2,AX#71389
35,10/30/2017,3/16/2018,1,Marketing Segment 3,AX#41838
36,10/30/2017,4/26/2019,80,Marketing Segment 1,AX#64645
37,11/7/2017,3/10/2019,51,Marketing Segment 2,AX#91857
38,11/10/2017,8/5/2018,22,Marketing Segment 2,AX#42258
39,11/11/2017,12/14/2018,2,Marketing Segment 2,AX#54403
40,11/11/2017,4/22/2019,28,Marketing Segment 1,AX#89794
41,11/17/2017,4/20/2019,153,Marketing Segment 1,AX#78556
42,11/28/2017,4/27/2019,2443,Marketing Segment 1,AX#27926
43,12/1/2017,3/16/2019,27,Marketing Segment 2,AX#71224
44,12/1/2017,4/9/2019,15,Marketing Segment 2,AX#43917
45,12/2/2017,4/26/2019,1,Marketing Segment 2,AX#69648
46,12/3/2017,8/27/2018,12,Marketing Segment 2,AX#35555
47,12/4/2017,4/27/2019,187,Marketing Segment 1,AX#97747
48,12/9/2017,3/11/2018,1,Marketing Segment 3,AX#77797
49,12/10/2017,4/28/2019,8728,Marketing Segment 1,AX#82800
50,12/11/2017,4/28/2019,126,Marketing Segment 1,AX#98642
51,12/14/2017,4/18/2019,45,Marketing Segment 1,AX#26384
52,12/16/2017,4/16/2019,491,Marketing Segment 1,AX#95570
53,12/17/2017,4/28/2019,163,Marketing Segment 3,AX#87345
54,12/17/2017,4/27/2019,267,Marketing Segment 1,AX#33896
55,12/17/2017,4/7/2019,0,Marketing Segment 2,AX#48492
56,12/20/2017,4/28/2019,67,Marketing Segment 1,AX#46094
57,12/22/2017,1/13/2019,5,Marketing Segment 2,AX#22374
58,12/25/2017,3/23/2018,0,Marketing Segment 3,AX#45724
59,12/25/2017,1/30/2018,0,Marketing Segment 3,AX#29597
60,12/26/2017,10/6/2018,1,Marketing Segment 2,AX#85671
61,12/27/2017,12/29/2017,0,Marketing Segment 1,AX#38378
62,12/29/2017,4/28/2019,159,Marketing Segment 1,AX#38339
63,12/31/2017,4/28/2019,2100,Marketing Segment 1,AX#43864
64,1/3/2018,4/27/2019,35,Marketing Segment 1,AX#44758
65,1/8/2018,3/18/2019,71,Marketing Segment 2,AX#17569
66,1/9/2018,4/26/2019,143,Marketing Segment 1,AX#24394
67,1/13/2018,3/27/2018,1,Marketing Segment 3,AX#72534
68,1/13/2018,1/23/2018,2,Marketing Segment 1,AX#47000
69,1/16/2018,5/25/2018,6,Marketing Segment 2,AX#53102
70,1/16/2018,3/22/2019,147,Marketing Segment 2,AX#59995
71,1/19/2018,4/16/2019,8,Marketing Segment 2,AX#38574
72,1/21/2018,4/25/2019,98,Marketing Segment 1,AX#93836
73,1/22/2018,4/10/2018,1,Marketing Segment 3,AX#58818
74,1/22/2018,4/6/2018,0,Marketing Segment 3,AX#24832
75,1/22/2018,4/13/2019,204,Marketing Segment 1,AX#34870
76,1/23/2018,3/9/2018,1,Marketing Segment 3,AX#43247
77,1/23/2018,2/11/2019,1,Marketing Segment 2,AX#87963
78,1/24/2018,4/18/2019,28,Marketing Segment 1,AX#42125
79,1/29/2018,11/25/2018,5,Marketing Segment 2,AX#74938
80,1/29/2018,4/26/2019,427,Marketing Segment 1,AX#75052
81,1/31/2018,4/28/2019,18332,Marketing Segment 1,AX#27139
82,2/1/2018,4/22/2019,565,Marketing Segment 1,AX#13691
83,2/2/2018,4/28/2019,565,Marketing Segment 1,AX#76215
84,2/2/2018,4/28/2019,14,Marketing Segment 1,AX#85429
85,2/5/2018,5/21/2018,4,Marketing Segment 3,AX#26237
86,2/7/2018,4/25/2019,441,Marketing Segment 2,AX#95889
87,2/8/2018,4/12/2018,9,Marketing Segment 3,AX#53513
88,2/11/2018,4/27/2019,15,Marketing Segment 1,AX#76929
89,2/12/2018,3/17/2019,176,Marketing Segment 2,AX#60771
90,2/14/2018,3/2/2019,217,Marketing Segment 2,AX#85141
91,2/16/2018,4/19/2019,1,Marketing Segment 1,AX#79104
92,2/18/2018,4/28/2019,51,Marketing Segment 1,AX#70944
93,2/19/2018,8/7/2018,25,Marketing Segment 2,AX#22877
94,2/21/2018,4/28/2019,2665,Marketing Segment 1,AX#24629
95,2/23/2018,4/27/2019,894,Marketing Segment 1,AX#47186
96,2/26/2018,1/12/2019,9,Marketing Segment 2,AX#92484
97,2/26/2018,11/28/2018,23,Marketing Segment 2,AX#73773
98,2/27/2018,5/23/2018,8,Marketing Segment 3,AX#78646
99,2/28/2018,4/3/2019,15,Marketing Segment 2,AX#19206
100,3/1/2018,4/20/2019,75,Marketing Segment 1,AX#14709
101,3/1/2018,4/28/2019,8,Marketing Segment 1,AX#41142
102,3/3/2018,4/28/2019,252,Marketing Segment 2,AX#22639
103,3/4/2018,6/15/2018,0,Marketing Segment 1,AX#34024
104,3/5/2018,4/23/2019,4,Marketing Segment 1,AX#69172
105,3/7/2018,3/3/2019,33,Marketing Segment 2,AX#74214
106,3/8/2018,4/28/2019,152,Marketing Segment 3,AX#15185
107,3/9/2018,4/8/2019,19,Marketing Segment 1,AX#68843
108,3/10/2018,5/22/2018,3,Marketing Segment 2,AX#14616
109,3/10/2018,3/20/2018,0,Marketing Segment 3,AX#97503
110,3/11/2018,4/28/2019,230,Marketing Segment 3,AX#31891
111,3/13/2018,4/27/2019,15,Marketing Segment 2,AX#16246
112,3/17/2018,4/28/2019,28,Marketing Segment 2,AX#91498
113,3/18/2018,4/4/2018,1,Marketing Segment 2,AX#95577
114,3/18/2018,4/28/2019,91,Marketing Segment 3,AX#86287
115,3/20/2018,12/28/2018,458,Marketing Segment 3,AX#28694
116,3/22/2018,4/4/2019,291,Marketing Segment 2,AX#59383
117,3/25/2018,12/6/2018,6,Marketing Segment 2,AX#84458
118,3/26/2018,4/19/2019,50,Marketing Segment 3,AX#96370
119,3/27/2018,4/25/2019,71,Marketing Segment 1,AX#90752
120,3/29/2018,4/25/2019,5,Marketing Segment 2,AX#32625
121,3/30/2018,7/19/2018,2,Marketing Segment 2,AX#17460
122,3/31/2018,4/28/2019,616,Marketing Segment 1,AX#47576
123,3/31/2018,4/25/2019,1023,Marketing Segment 2,AX#19229
124,4/7/2018,3/28/2019,6,Marketing Segment 3,AX#62530
125,4/8/2018,7/13/2018,2,Marketing Segment 2,AX#33896
126,4/8/2018,4/22/2019,107,Marketing Segment 3,AX#68162
127,4/12/2018,3/29/2019,10,Marketing Segment 2,AX#34089
128,4/14/2018,10/4/2018,185,Marketing Segment 2,AX#88371
129,4/15/2018,4/20/2019,2,Marketing Segment 2,AX#32826
130,4/16/2018,4/14/2019,26,Marketing Segment 2,AX#43515
131,4/16/2018,4/28/2019,100,Marketing Segment 2,AX#19273
132,4/19/2018,4/25/2019,2,Marketing Segment 1,AX#22878
133,4/20/2018,3/22/2019,11,Marketing Segment 1,AX#22686
134,4/20/2018,4/15/2019,36,Marketing Segment 2,AX#40386
135,4/21/2018,4/27/2019,77,Marketing Segment 2,AX#69850
136,4/21/2018,4/28/2019,45,Marketing Segment 3,AX#45042
137,4/21/2018,4/28/2019,254,Marketing Segment 3,AX#92180
138,4/22/2018,3/16/2019,789,Marketing Segment 2,AX#16084
139,4/22/2018,4/20/2019,0,Marketing Segment 2,AX#23889
140,4/30/2018,4/26/2019,108,Marketing Segment 3,AX#49044
141,5/4/2018,4/28/2019,77,Marketing Segment 1,AX#97354
142,5/4/2018,4/25/2019,335,Marketing Segment 2,AX#86535
143,5/7/2018,1/11/2019,18,Marketing Segment 3,AX#58657
144,5/8/2018,8/3/2018,1,Marketing Segment 3,AX#49487
145,5/10/2018,4/11/2019,28,Marketing Segment 1,AX#31828
146,5/11/2018,9/15/2018,5,Marketing Segment 1,AX#23648
147,5/12/2018,4/27/2019,6,Marketing Segment 3,AX#27911
148,5/17/2018,4/28/2019,188,Marketing Segment 2,AX#35612
149,5/17/2018,3/16/2019,81,Marketing Segment 3,AX#97333
150,5/22/2018,4/27/2019,115,Marketing Segment 2,AX#56582
151,5/28/2018,4/28/2019,1868,Marketing Segment 1,AX#75209
152,5/29/2018,9/19/2018,0,Marketing Segment 3,AX#91178
153,6/2/2018,4/28/2019,53,Marketing Segment 2,AX#19772
154,6/2/2018,4/28/2019,961,Marketing Segment 3,AX#12519
155,6/3/2018,3/28/2019,3,Marketing Segment 2,AX#46894
156,6/3/2018,3/29/2019,3,Marketing Segment 2,AX#96921
157,6/3/2018,4/21/2019,33,Marketing Segment 3,AX#79409
158,6/5/2018,4/1/2019,2,Marketing Segment 3,AX#37216
159,6/5/2018,3/21/2019,3,Marketing Segment 2,AX#62628
160,6/6/2018,4/28/2019,7,Marketing Segment 2,AX#88016
161,6/7/2018,10/14/2018,4,Marketing Segment 1,AX#22110
162,6/8/2018,3/7/2019,40,Marketing Segment 3,AX#78782
163,6/9/2018,4/24/2019,34,Marketing Segment 1,AX#33670
164,6/10/2018,4/27/2019,24591,Marketing Segment 2,AX#57125
165,6/11/2018,4/28/2019,51169,Marketing Segment 2,AX#42299
166,6/14/2018,7/29/2018,2,Marketing Segment 1,AX#16760
167,6/15/2018,4/28/2019,2,Marketing Segment 3,AX#51360
168,6/16/2018,4/18/2019,3,Marketing Segment 2,AX#39338
169,6/16/2018,4/28/2019,47,Marketing Segment 2,AX#22435
170,6/18/2018,4/5/2019,218,Marketing Segment 2,AX#67447
171,6/18/2018,4/28/2019,11310,Marketing Segment 2,AX#74044
172,6/18/2018,3/9/2019,17,Marketing Segment 1,AX#23474
173,6/18/2018,3/12/2019,17,Marketing Segment 2,AX#26559
174,6/18/2018,4/28/2019,687,Marketing Segment 2,AX#81023
175,6/20/2018,9/26/2018,8,Marketing Segment 1,AX#73424
176,6/23/2018,4/26/2019,5,Marketing Segment 3,AX#24744
177,6/24/2018,10/13/2018,48,Marketing Segment 3,AX#22538
178,6/24/2018,3/25/2019,18,Marketing Segment 2,AX#92206
179,6/25/2018,4/28/2019,732,Marketing Segment 1,AX#17130
180,6/25/2018,4/26/2019,140,Marketing Segment 3,AX#84601
181,6/26/2018,8/17/2018,2,Marketing Segment 3,AX#19423
182,6/27/2018,3/16/2019,7,Marketing Segment 3,AX#80355
183,6/28/2018,4/28/2019,10334,Marketing Segment 3,AX#75683
184,6/28/2018,4/28/2019,69,Marketing Segment 1,AX#19335
185,7/1/2018,8/3/2018,6,Marketing Segment 3,AX#52852
186,7/3/2018,9/30/2018,3,Marketing Segment 1,AX#17122
187,7/3/2018,10/5/2018,16,Marketing Segment 2,AX#19723
188,7/3/2018,4/28/2019,6659,Marketing Segment 2,AX#13983
189,7/3/2018,4/28/2019,69,Marketing Segment 3,AX#88231
190,7/5/2018,10/7/2018,36,Marketing Segment 2,AX#23215
191,7/6/2018,4/20/2019,22,Marketing Segment 1,AX#33470
192,7/6/2018,4/21/2019,5,Marketing Segment 3,AX#49182
193,7/7/2018,4/28/2019,377,Marketing Segment 3,AX#71789
194,7/9/2018,4/28/2019,71,Marketing Segment 2,AX#51740
195,7/9/2018,11/10/2018,12,Marketing Segment 2,AX#79950
196,7/11/2018,8/23/2018,13,Marketing Segment 1,AX#44215
197,7/11/2018,2/14/2019,85,Marketing Segment 2,AX#47772
198,7/14/2018,8/14/2018,2,Marketing Segment 3,AX#77122
199,7/14/2018,4/28/2019,10744,Marketing Segment 2,AX#10259
200,7/16/2018,2/9/2019,5,Marketing Segment 2,AX#51802
201,7/16/2018,4/25/2019,12,Marketing Segment 2,AX#54536
202,7/18/2018,12/2/2018,4,Marketing Segment 1,AX#27900
203,7/20/2018,4/28/2019,107,Marketing Segment 1,AX#13033
204,7/21/2018,4/28/2019,16015,Marketing Segment 2,AX#29180
205,7/21/2018,4/25/2019,87,Marketing Segment 2,AX#50625
206,7/23/2018,4/23/2019,2702,Marketing Segment 2,AX#48911
207,7/23/2018,4/28/2019,81,Marketing Segment 2,AX#50782
208,7/23/2018,4/15/2019,1,Marketing Segment 3,AX#82597
209,7/24/2018,2/25/2019,71,Marketing Segment 3,AX#50542
210,7/27/2018,4/28/2019,4,Marketing Segment 1,AX#74416
211,7/27/2018,4/15/2019,1,Marketing Segment 1,AX#27766
212,7/28/2018,4/22/2019,5,Marketing Segment 2,AX#38050
213,7/29/2018,4/14/2019,3,Marketing Segment 3,AX#15120
214,7/31/2018,11/4/2018,9,Marketing Segment 2,AX#19376
215,7/31/2018,4/20/2019,29,Marketing Segment 2,AX#44891
216,7/31/2018,4/28/2019,1,Marketing Segment 3,AX#89509
217,7/31/2018,3/30/2019,13,Marketing Segment 2,AX#41535
218,8/1/2018,4/24/2019,46,Marketing Segment 3,AX#52751
219,8/2/2018,4/21/2019,4226,Marketing Segment 2,AX#67062
220,8/4/2018,4/14/2019,74,Marketing Segment 2,AX#71986
221,8/5/2018,4/26/2019,64,Marketing Segment 1,AX#37581
222,8/5/2018,11/23/2018,4,Marketing Segment 1,AX#82469
223,8/5/2018,4/19/2019,30,Marketing Segment 1,AX#62109
224,8/11/2018,4/7/2019,59,Marketing Segment 1,AX#63818
225,8/11/2018,4/28/2019,765,Marketing Segment 2,AX#17033
226,8/11/2018,1/25/2019,0,Marketing Segment 3,AX#53056
227,8/12/2018,4/23/2019,221,Marketing Segment 1,AX#64287
228,8/12/2018,4/28/2019,1412,Marketing Segment 2,AX#27726
229,8/12/2018,4/28/2019,170,Marketing Segment 1,AX#56582
230,8/13/2018,4/28/2019,841,Marketing Segment 3,AX#78093
231,8/14/2018,4/27/2019,72,Marketing Segment 1,AX#33705
232,8/14/2018,4/20/2019,19,Marketing Segment 2,AX#57863
233,8/14/2018,4/23/2019,19,Marketing Segment 2,AX#67498
234,8/17/2018,2/17/2019,30,Marketing Segment 3,AX#20685
235,8/17/2018,2/25/2019,1,Marketing Segment 1,AX#68156
236,8/18/2018,4/22/2019,226,Marketing Segment 2,AX#51591
237,8/19/2018,4/23/2019,3,Marketing Segment 1,AX#38026
238,8/19/2018,2/1/2019,8,Marketing Segment 2,AX#86775
239,8/19/2018,4/28/2019,6,Marketing Segment 2,AX#42592
240,8/21/2018,2/10/2019,10,Marketing Segment 2,AX#91581
241,8/22/2018,3/26/2019,3,Marketing Segment 2,AX#95883
242,8/24/2018,4/23/2019,15,Marketing Segment 2,AX#93600
243,8/26/2018,4/28/2019,418,Marketing Segment 2,AX#11434
244,8/27/2018,3/11/2019,34,Marketing Segment 3,AX#57272
245,8/28/2018,4/28/2019,46,Marketing Segment 3,AX#82335
246,8/31/2018,2/25/2019,3,Marketing Segment 2,AX#17080
247,8/31/2018,3/8/2019,1,Marketing Segment 2,AX#15604
248,8/31/2018,2/16/2019,6,Marketing Segment 3,AX#57347
249,8/31/2018,4/28/2019,316,Marketing Segment 3,AX#89732
250,8/31/2018,2/18/2019,27,Marketing Segment 3,AX#89807
251,9/1/2018,11/10/2018,9,Marketing Segment 1,AX#93247
252,9/1/2018,4/28/2019,46,Marketing Segment 2,AX#31860
253,9/1/2018,3/7/2019,26,Marketing Segment 3,AX#57422
254,9/1/2018,3/8/2019,0,Marketing Segment 2,AX#67505
255,9/2/2018,4/22/2019,94,Marketing Segment 3,AX#96688
256,9/3/2018,4/20/2019,31,Marketing Segment 1,AX#48747
257,9/3/2018,4/27/2019,24,Marketing Segment 1,AX#29254
258,9/3/2018,4/25/2019,370,Marketing Segment 2,AX#37895
259,9/4/2018,4/25/2019,311,Marketing Segment 1,AX#46322
260,9/4/2018,3/9/2019,14,Marketing Segment 3,AX#75687
261,9/4/2018,3/28/2019,73,Marketing Segment 3,AX#72026
262,9/5/2018,12/12/2018,39,Marketing Segment 2,AX#14562
263,9/7/2018,9/15/2018,1,Marketing Segment 3,AX#40983
264,9/7/2018,3/15/2019,12,Marketing Segment 1,AX#49304
265,9/7/2018,3/25/2019,15,Marketing Segment 2,AX#49157
266,9/8/2018,2/21/2019,1,Marketing Segment 3,AX#39992
267,9/8/2018,4/12/2019,1145,Marketing Segment 3,AX#89037
268,9/9/2018,1/28/2019,2,Marketing Segment 2,AX#45444
269,9/9/2018,4/28/2019,542,Marketing Segment 2,AX#52457
270,9/11/2018,4/16/2019,13,Marketing Segment 1,AX#16177
271,9/11/2018,4/27/2019,9,Marketing Segment 2,AX#61940
272,9/12/2018,3/2/2019,59,Marketing Segment 2,AX#75249
273,9/12/2018,4/21/2019,5,Marketing Segment 3,AX#61682
274,9/13/2018,4/28/2019,192,Marketing Segment 3,AX#63366
275,9/14/2018,9/14/2018,0,Marketing Segment 3,AX#58909
276,9/14/2018,4/26/2019,3188,Marketing Segment 2,AX#16152
277,9/15/2018,4/14/2019,6,Marketing Segment 3,AX#63318
278,9/15/2018,4/8/2019,68,Marketing Segment 1,AX#30805
279,9/16/2018,4/6/2019,19,Marketing Segment 3,AX#72567
280,9/16/2018,4/27/2019,23,Marketing Segment 3,AX#73288
281,9/16/2018,3/1/2019,5,Marketing Segment 2,AX#88292
282,9/17/2018,4/25/2019,1410,Marketing Segment 3,AX#59434
283,9/18/2018,1/31/2019,1,Marketing Segment 1,AX#70579
284,9/18/2018,2/24/2019,0,Marketing Segment 1,AX#83475
285,9/18/2018,4/28/2019,222,Marketing Segment 2,AX#43928
286,9/18/2018,4/28/2019,6564,Marketing Segment 3,AX#11279
287,9/18/2018,4/1/2019,3,Marketing Segment 3,AX#94520
288,9/18/2018,4/1/2019,13,Marketing Segment 3,AX#28607
289,9/18/2018,4/23/2019,398,Marketing Segment 3,AX#71946
290,9/18/2018,4/25/2019,1,Marketing Segment 3,AX#15889
291,9/18/2018,9/17/2018,0,Marketing Segment 3,AX#28645
292,9/18/2018,9/18/2018,0,Marketing Segment 3,AX#87005
293,9/18/2018,9/18/2018,0,Marketing Segment 3,AX#39653
294,9/18/2018,11/27/2018,3,Marketing Segment 3,AX#13658
295,9/18/2018,12/8/2018,0,Marketing Segment 3,AX#33826
296,9/18/2018,4/28/2019,10,Marketing Segment 1,AX#44651
297,9/19/2018,3/26/2019,0,Marketing Segment 1,AX#29772
298,9/19/2018,1/17/2019,0,Marketing Segment 1,AX#37092
299,9/19/2018,3/29/2019,4,Marketing Segment 2,AX#31032
300,9/19/2018,3/11/2019,0,Marketing Segment 3,AX#17802
301,9/21/2018,10/13/2018,0,Marketing Segment 3,AX#86610
302,9/21/2018,4/20/2019,42,Marketing Segment 3,AX#71231
303,9/24/2018,2/8/2019,5,Marketing Segment 2,AX#25621
304,9/24/2018,4/27/2019,100,Marketing Segment 1,AX#63288
305,9/24/2018,4/26/2019,124,Marketing Segment 2,AX#86915
306,9/25/2018,1/21/2019,21,Marketing Segment 3,AX#50235
307,9/27/2018,4/28/2019,96,Marketing Segment 2,AX#97748
308,9/27/2018,4/28/2019,7,Marketing Segment 3,AX#92920
309,9/28/2018,11/2/2018,3,Marketing Segment 3,AX#33853
310,9/28/2018,4/28/2019,10,Marketing Segment 1,AX#86681
311,9/28/2018,4/21/2019,33,Marketing Segment 1,AX#54803
312,9/28/2018,4/28/2019,215,Marketing Segment 2,AX#57565
313,9/29/2018,4/7/2019,4,Marketing Segment 2,AX#91469
314,9/30/2018,4/26/2019,41,Marketing Segment 1,AX#93579
315,9/30/2018,4/2/2019,11,Marketing Segment 3,AX#62141
316,9/30/2018,4/28/2019,184,Marketing Segment 3,AX#67928
317,10/1/2018,4/2/2019,4,Marketing Segment 2,AX#42730
318,10/1/2018,4/24/2019,39,Marketing Segment 3,AX#23975
319,10/3/2018,4/27/2019,138,Marketing Segment 2,AX#85157
320,10/4/2018,2/20/2019,18,Marketing Segment 2,AX#26571
321,10/5/2018,12/27/2018,10,Marketing Segment 3,AX#65425
322,10/5/2018,4/26/2019,1,Marketing Segment 2,AX#12986
323,10/5/2018,4/13/2019,2,Marketing Segment 3,AX#49775
324,10/6/2018,10/6/2018,1,Marketing Segment 2,AX#62046
325,10/6/2018,4/21/2019,17,Marketing Segment 1,AX#74017
326,10/6/2018,3/16/2019,19,Marketing Segment 1,AX#50714
327,10/7/2018,12/1/2018,2,Marketing Segment 3,AX#77213
328,10/7/2018,11/12/2018,4,Marketing Segment 3,AX#66724
329,10/7/2018,4/28/2019,63,Marketing Segment 3,AX#51929
330,10/7/2018,3/1/2019,22,Marketing Segment 3,AX#98529
331,10/7/2018,4/26/2019,11,Marketing Segment 3,AX#72312
332,10/9/2018,4/20/2019,134,Marketing Segment 2,AX#19435
333,10/10/2018,4/24/2019,3,Marketing Segment 2,AX#66935
334,10/11/2018,4/28/2019,1429,Marketing Segment 2,AX#56813
335,10/12/2018,10/13/2018,1,Marketing Segment 2,AX#50096
336,10/12/2018,4/28/2019,293,Marketing Segment 1,AX#91216
337,10/13/2018,4/28/2019,20,Marketing Segment 2,AX#25777
338,10/13/2018,4/27/2019,4,Marketing Segment 1,AX#40755
339,10/13/2018,4/26/2019,19,Marketing Segment 3,AX#68783
340,10/13/2018,4/16/2019,3,Marketing Segment 1,AX#47508
341,10/14/2018,3/22/2019,2,Marketing Segment 2,AX#90801
342,10/15/2018,4/12/2019,3,Marketing Segment 2,AX#87676
343,10/15/2018,4/24/2019,503,Marketing Segment 2,AX#60627
344,10/16/2018,10/23/2018,1,Marketing Segment 2,AX#26417
345,10/16/2018,4/8/2019,66,Marketing Segment 3,AX#12453
346,10/18/2018,4/13/2019,14,Marketing Segment 2,AX#23993
347,10/19/2018,2/25/2019,11,Marketing Segment 1,AX#97396
348,10/20/2018,4/26/2019,4,Marketing Segment 3,AX#69846
349,10/21/2018,4/23/2019,5,Marketing Segment 2,AX#90116
350,10/22/2018,4/27/2019,37,Marketing Segment 1,AX#22682
351,10/22/2018,4/28/2019,11,Marketing Segment 3,AX#55135
352,10/22/2018,3/9/2019,8,Marketing Segment 2,AX#23655
353,10/24/2018,4/28/2019,18,Marketing Segment 3,AX#37688
354,10/24/2018,1/15/2019,0,Marketing Segment 3,AX#18986
355,10/25/2018,4/26/2019,490,Marketing Segment 2,AX#59549
356,10/26/2018,10/26/2018,0,Marketing Segment 3,AX#98385
357,10/26/2018,4/25/2019,30,Marketing Segment 1,AX#85785
358,10/26/2018,4/28/2019,148,Marketing Segment 1,AX#16528
359,10/26/2018,4/28/2019,21,Marketing Segment 2,AX#37122
360,10/27/2018,10/27/2018,0,Marketing Segment 3,AX#34436
361,10/27/2018,4/25/2019,14,Marketing Segment 3,AX#62450
362,10/27/2018,4/26/2019,2,Marketing Segment 3,AX#94818
363,10/27/2018,4/28/2019,70,Marketing Segment 3,AX#68305
364,10/27/2018,4/28/2019,14,Marketing Segment 3,AX#10695
365,10/28/2018,4/27/2019,29,Marketing Segment 1,AX#97752
366,10/29/2018,12/18/2018,6,Marketing Segment 2,AX#23207
367,10/30/2018,4/28/2019,19,Marketing Segment 1,AX#87066
368,10/30/2018,4/28/2019,29,Marketing Segment 1,AX#75310
369,10/30/2018,3/22/2019,2,Marketing Segment 2,AX#26959
370,10/30/2018,3/19/2019,39,Marketing Segment 2,AX#13976
371,10/31/2018,4/22/2019,28,Marketing Segment 3,AX#62048
372,11/2/2018,1/11/2019,19,Marketing Segment 2,AX#17609
373,11/2/2018,4/28/2019,20,Marketing Segment 1,AX#56182
374,11/3/2018,4/28/2019,98,Marketing Segment 2,AX#39089
375,11/3/2018,4/26/2019,1,Marketing Segment 3,AX#80024
376,11/4/2018,4/14/2019,16,Marketing Segment 3,AX#95611
377,11/4/2018,4/26/2019,10,Marketing Segment 3,AX#33701
378,11/5/2018,3/9/2019,2,Marketing Segment 1,AX#59716
379,11/5/2018,4/27/2019,40,Marketing Segment 3,AX#79739
380,11/5/2018,12/19/2018,1,Marketing Segment 3,AX#62528
381,11/6/2018,4/28/2019,672,Marketing Segment 3,AX#68689
382,11/7/2018,11/13/2018,3,Marketing Segment 1,AX#38080
383,11/7/2018,12/25/2018,3,Marketing Segment 2,AX#73723
384,11/7/2018,4/20/2019,19,Marketing Segment 2,AX#84732
385,11/7/2018,3/26/2019,26,Marketing Segment 3,AX#80553
386,11/7/2018,4/28/2019,24,Marketing Segment 3,AX#58827
387,11/7/2018,4/4/2019,95,Marketing Segment 1,AX#86253
388,11/9/2018,4/28/2019,3,Marketing Segment 2,AX#18936
389,11/9/2018,12/17/2018,9,Marketing Segment 3,AX#11176
390,11/10/2018,4/24/2019,37,Marketing Segment 2,AX#43297
391,11/10/2018,4/25/2019,22,Marketing Segment 3,AX#82225
392,11/10/2018,4/28/2019,121,Marketing Segment 3,AX#12955
393,11/11/2018,4/13/2019,8,Marketing Segment 1,AX#34924
394,11/11/2018,4/27/2019,6,Marketing Segment 1,AX#37499
395,11/12/2018,1/5/2019,2,Marketing Segment 2,AX#83986
396,11/12/2018,3/16/2019,70,Marketing Segment 1,AX#30562
397,11/12/2018,4/28/2019,54,Marketing Segment 2,AX#11171
398,11/13/2018,11/29/2018,3,Marketing Segment 2,AX#43849
399,11/14/2018,4/28/2019,7,Marketing Segment 1,AX#10114
400,11/14/2018,4/28/2019,960,Marketing Segment 2,AX#85757
401,11/15/2018,4/27/2019,70,Marketing Segment 2,AX#26211
402,11/15/2018,4/28/2019,119,Marketing Segment 2,AX#96582
403,11/15/2018,2/28/2019,41,Marketing Segment 3,AX#98473
404,11/16/2018,3/31/2019,211,Marketing Segment 2,AX#46372
405,11/17/2018,4/19/2019,99,Marketing Segment 2,AX#81598
406,11/17/2018,3/22/2019,1,Marketing Segment 1,AX#76451
407,11/18/2018,11/18/2018,2,Marketing Segment 2,AX#96692
408,11/18/2018,4/27/2019,57,Marketing Segment 2,AX#92337
409,11/21/2018,12/12/2018,7,Marketing Segment 2,AX#54814
410,11/21/2018,4/27/2019,7,Marketing Segment 3,AX#19519
411,11/22/2018,4/27/2019,53,Marketing Segment 2,AX#97380
412,11/23/2018,4/27/2019,16,Marketing Segment 3,AX#22534
413,11/24/2018,1/31/2019,30,Marketing Segment 1,AX#49515
414,11/25/2018,4/8/2019,3,Marketing Segment 3,AX#52218
415,11/25/2018,4/27/2019,61,Marketing Segment 3,AX#81643
416,11/25/2018,3/22/2019,20,Marketing Segment 3,AX#71933
417,11/26/2018,4/19/2019,3,Marketing Segment 2,AX#27988
418,11/26/2018,4/27/2019,54,Marketing Segment 2,AX#23772
419,11/26/2018,4/28/2019,464,Marketing Segment 2,AX#91076
420,11/26/2018,4/26/2019,1955,Marketing Segment 3,AX#90908
421,11/27/2018,4/28/2019,489,Marketing Segment 2,AX#20968
422,11/27/2018,4/21/2019,7,Marketing Segment 1,AX#19248
423,11/28/2018,4/22/2019,136,Marketing Segment 2,AX#63570
424,11/28/2018,4/24/2019,26,Marketing Segment 2,AX#40733
425,11/28/2018,4/28/2019,34,Marketing Segment 2,AX#45257
426,11/28/2018,4/27/2019,143,Marketing Segment 2,AX#66021
427,11/29/2018,4/6/2019,32,Marketing Segment 2,AX#14255
428,11/30/2018,4/27/2019,16,Marketing Segment 1,AX#64691
429,11/30/2018,4/28/2019,23,Marketing Segment 2,AX#45798
430,11/30/2018,4/2/2019,106,Marketing Segment 3,AX#21975
431,12/1/2018,4/27/2019,8,Marketing Segment 1,AX#50726
432,12/2/2018,4/28/2019,5612,Marketing Segment 2,AX#46308
433,12/2/2018,4/27/2019,4,Marketing Segment 3,AX#69188
434,12/2/2018,2/28/2019,35,Marketing Segment 3,AX#67401
435,12/2/2018,4/13/2019,781,Marketing Segment 1,AX#81736
436,12/3/2018,12/31/2018,13,Marketing Segment 2,AX#58989
437,12/3/2018,2/1/2019,4,Marketing Segment 3,AX#66843
438,12/3/2018,4/28/2019,2,Marketing Segment 1,AX#67892
439,12/3/2018,4/27/2019,20,Marketing Segment 2,AX#96155
440,12/3/2018,4/28/2019,207,Marketing Segment 2,AX#93494
441,12/3/2018,3/31/2019,14,Marketing Segment 3,AX#28008
442,12/3/2018,4/8/2019,7,Marketing Segment 3,AX#11948
443,12/3/2018,4/28/2019,29,Marketing Segment 3,AX#69146
444,12/3/2018,4/28/2019,16,Marketing Segment 3,AX#95234
445,12/5/2018,1/26/2019,8,Marketing Segment 2,AX#67832
446,12/5/2018,4/28/2019,16,Marketing Segment 2,AX#74740
447,12/5/2018,4/27/2019,9,Marketing Segment 3,AX#16838
448,12/5/2018,1/26/2019,10,Marketing Segment 3,AX#62837
449,12/6/2018,4/12/2019,4,Marketing Segment 2,AX#16827
450,12/6/2018,2/10/2019,15,Marketing Segment 3,AX#36338
451,12/6/2018,4/27/2019,16,Marketing Segment 3,AX#93397
452,12/6/2018,4/22/2019,1,Marketing Segment 1,AX#40558
453,12/6/2018,4/22/2019,126,Marketing Segment 2,AX#36180
454,12/7/2018,2/21/2019,10,Marketing Segment 1,AX#34055
455,12/7/2018,4/26/2019,136,Marketing Segment 2,AX#44994
456,12/7/2018,4/27/2019,157,Marketing Segment 2,AX#82395
457,12/8/2018,4/16/2019,8,Marketing Segment 3,AX#47253
458,12/8/2018,4/28/2019,180,Marketing Segment 1,AX#71350
459,12/8/2018,4/28/2019,7,Marketing Segment 2,AX#57449
460,12/8/2018,2/11/2019,31,Marketing Segment 2,AX#92856
461,12/8/2018,2/27/2019,2,Marketing Segment 2,AX#43737
462,12/9/2018,4/7/2019,5,Marketing Segment 2,AX#83849
463,12/9/2018,4/28/2019,38,Marketing Segment 2,AX#61532
464,12/9/2018,4/28/2019,478,Marketing Segment 2,AX#89983
465,12/9/2018,4/26/2019,23,Marketing Segment 3,AX#67211
466,12/9/2018,4/26/2019,28,Marketing Segment 3,AX#98672
467,12/9/2018,3/22/2019,16,Marketing Segment 2,AX#94592
468,12/10/2018,4/28/2019,218,Marketing Segment 1,AX#62038
469,12/10/2018,4/28/2019,569,Marketing Segment 1,AX#27899
470,12/10/2018,4/28/2019,78,Marketing Segment 2,AX#15048
471,12/10/2018,3/3/2019,3,Marketing Segment 1,AX#76624
472,12/11/2018,2/3/2019,1,Marketing Segment 2,AX#22616
473,12/11/2018,4/28/2019,39,Marketing Segment 3,AX#60872
474,12/12/2018,2/22/2019,14,Marketing Segment 3,AX#90599
475,12/13/2018,4/28/2019,107,Marketing Segment 1,AX#38955
476,12/13/2018,4/28/2019,42,Marketing Segment 2,AX#61740
477,12/13/2018,1/3/2019,11,Marketing Segment 2,AX#92524
478,12/14/2018,4/28/2019,18,Marketing Segment 2,AX#32645
479,12/14/2018,4/28/2019,13,Marketing Segment 3,AX#23201
480,12/14/2018,4/24/2019,3,Marketing Segment 1,AX#87965
481,12/14/2018,3/31/2019,42,Marketing Segment 2,AX#26961
482,12/15/2018,4/27/2019,9,Marketing Segment 1,AX#31870
483,12/15/2018,4/28/2019,121,Marketing Segment 1,AX#78217
484,12/15/2018,4/28/2019,18,Marketing Segment 2,AX#29830
485,12/15/2018,3/4/2019,5,Marketing Segment 3,AX#78535
486,12/15/2018,4/1/2019,7,Marketing Segment 3,AX#44610
487,12/16/2018,4/28/2019,5,Marketing Segment 1,AX#31663
488,12/16/2018,4/28/2019,532,Marketing Segment 2,AX#83645
489,12/16/2018,4/28/2019,61,Marketing Segment 3,AX#39469
490,12/17/2018,4/23/2019,7,Marketing Segment 1,AX#11534
491,12/17/2018,4/28/2019,142,Marketing Segment 1,AX#85108
492,12/17/2018,4/28/2019,312,Marketing Segment 2,AX#71538
493,12/17/2018,4/28/2019,15,Marketing Segment 3,AX#67294
494,12/17/2018,4/20/2019,17,Marketing Segment 3,AX#90602
495,12/17/2018,4/28/2019,5,Marketing Segment 3,AX#77692
496,12/18/2018,4/25/2019,5,Marketing Segment 1,AX#85362
497,12/18/2018,4/23/2019,30,Marketing Segment 3,AX#53115
498,12/18/2018,3/8/2019,18,Marketing Segment 3,AX#93207
499,12/19/2018,4/25/2019,44,Marketing Segment 3,AX#53067
500,12/19/2018,4/28/2019,78,Marketing Segment 1,AX#83869
501,12/20/2018,4/28/2019,4,Marketing Segment 1,AX#52930
502,12/20/2018,4/27/2019,63,Marketing Segment 2,AX#42332
503,12/20/2018,4/22/2019,34,Marketing Segment 3,AX#94242
504,12/21/2018,4/24/2019,22,Marketing Segment 1,AX#85683
505,12/21/2018,4/27/2019,5,Marketing Segment 3,AX#87014
506,12/21/2018,3/22/2019,38,Marketing Segment 3,AX#38824
507,12/22/2018,3/23/2019,25,Marketing Segment 2,AX#95344
508,12/22/2018,4/24/2019,203,Marketing Segment 2,AX#24829
509,12/22/2018,4/28/2019,272,Marketing Segment 2,AX#96348
510,12/22/2018,1/31/2019,31,Marketing Segment 2,AX#79175
511,12/22/2018,4/28/2019,13,Marketing Segment 3,AX#65721
512,12/22/2018,4/28/2019,45,Marketing Segment 3,AX#79130
513,12/23/2018,2/10/2019,8,Marketing Segment 3,AX#49673
514,12/23/2018,4/5/2019,5,Marketing Segment 2,AX#27309
515,12/23/2018,4/24/2019,7,Marketing Segment 3,AX#36693
516,12/24/2018,4/28/2019,10,Marketing Segment 1,AX#30698
517,12/24/2018,3/26/2019,12,Marketing Segment 2,AX#66273
518,12/24/2018,4/22/2019,14,Marketing Segment 2,AX#24657
519,12/24/2018,4/28/2019,18,Marketing Segment 3,AX#52875
520,12/24/2018,4/20/2019,18,Marketing Segment 1,AX#27116
521,12/24/2018,3/27/2019,9,Marketing Segment 2,AX#79266
522,12/25/2018,4/28/2019,28,Marketing Segment 1,AX#47626
523,12/25/2018,4/28/2019,18,Marketing Segment 2,AX#43648
524,12/26/2018,4/28/2019,45,Marketing Segment 2,AX#14801
525,12/27/2018,4/19/2019,12,Marketing Segment 2,AX#20621
526,12/27/2018,4/18/2019,5,Marketing Segment 2,AX#93584
527,12/27/2018,4/27/2019,5,Marketing Segment 3,AX#15151
528,12/28/2018,4/28/2019,1611,Marketing Segment 1,AX#67218
529,12/28/2018,4/7/2019,2,Marketing Segment 2,AX#28006
530,12/28/2018,4/28/2019,117,Marketing Segment 2,AX#17512
531,12/28/2018,4/16/2019,152,Marketing Segment 3,AX#66203
532,12/28/2018,4/17/2019,16,Marketing Segment 3,AX#12785
533,12/29/2018,4/26/2019,10,Marketing Segment 3,AX#14045
534,12/29/2018,4/7/2019,11,Marketing Segment 2,AX#69883
535,12/29/2018,4/27/2019,36,Marketing Segment 3,AX#52599
536,12/29/2018,4/1/2019,34,Marketing Segment 3,AX#88354
537,12/29/2018,4/2/2019,94,Marketing Segment 3,AX#76000
538,12/29/2018,4/11/2019,89,Marketing Segment 3,AX#30714
539,12/30/2018,4/26/2019,301,Marketing Segment 2,AX#62242
540,12/30/2018,3/18/2019,3,Marketing Segment 3,AX#98218
541,12/31/2018,3/26/2019,2,Marketing Segment 2,AX#73212
542,1/1/2019,4/22/2019,69,Marketing Segment 2,AX#60680
543,1/1/2019,4/27/2019,58,Marketing Segment 2,AX#66327
544,1/1/2019,4/28/2019,3,Marketing Segment 3,AX#32989
545,1/2/2019,4/26/2019,75,Marketing Segment 2,AX#71301
546,1/2/2019,4/28/2019,179,Marketing Segment 2,AX#84453
547,1/3/2019,4/28/2019,624,Marketing Segment 2,AX#90671
548,1/3/2019,4/28/2019,21,Marketing Segment 2,AX#24836
549,1/3/2019,1/22/2019,4,Marketing Segment 2,AX#76167
550,1/3/2019,4/28/2019,4,Marketing Segment 3,AX#25600
551,1/4/2019,4/28/2019,635,Marketing Segment 2,AX#18090
552,1/4/2019,4/28/2019,110,Marketing Segment 2,AX#84649
553,1/4/2019,2/16/2019,2,Marketing Segment 2,AX#84513
554,1/4/2019,4/26/2019,17,Marketing Segment 3,AX#63300
555,1/5/2019,4/28/2019,97,Marketing Segment 1,AX#44318
556,1/5/2019,4/15/2019,2,Marketing Segment 2,AX#13953
557,1/6/2019,4/21/2019,14,Marketing Segment 2,AX#12689
558,1/7/2019,4/28/2019,61,Marketing Segment 2,AX#58759
559,1/7/2019,4/17/2019,1,Marketing Segment 3,AX#57888
560,1/8/2019,2/16/2019,0,Marketing Segment 3,AX#71956
561,1/9/2019,4/27/2019,38,Marketing Segment 2,AX#14288
562,1/10/2019,4/26/2019,65,Marketing Segment 1,AX#39739
563,1/10/2019,4/28/2019,33,Marketing Segment 3,AX#38581
564,1/11/2019,4/28/2019,745,Marketing Segment 2,AX#49585
565,1/12/2019,4/12/2019,91,Marketing Segment 3,AX#32845
566,1/12/2019,4/17/2019,5,Marketing Segment 3,AX#93826
567,1/13/2019,2/10/2019,0,Marketing Segment 3,AX#78755
568,1/13/2019,4/7/2019,20,Marketing Segment 1,AX#18052
569,1/13/2019,4/28/2019,0,Marketing Segment 1,AX#19070
570,1/13/2019,4/27/2019,22,Marketing Segment 3,AX#90793
571,1/13/2019,3/23/2019,9,Marketing Segment 3,AX#44567
572,1/13/2019,4/28/2019,11,Marketing Segment 3,AX#45672
573,1/14/2019,1/26/2019,2,Marketing Segment 1,AX#21740
574,1/14/2019,4/28/2019,29,Marketing Segment 2,AX#68022
575,1/14/2019,4/12/2019,12,Marketing Segment 3,AX#23952
576,1/14/2019,4/14/2019,2,Marketing Segment 3,AX#29421
577,1/14/2019,4/27/2019,6,Marketing Segment 3,AX#31548
578,1/14/2019,4/28/2019,0,Marketing Segment 3,AX#58884
579,1/15/2019,4/27/2019,2,Marketing Segment 1,AX#68640
580,1/15/2019,4/28/2019,1,Marketing Segment 2,AX#74414
581,1/15/2019,1/15/2019,1,Marketing Segment 2,AX#75376
582,1/15/2019,3/1/2019,0,Marketing Segment 2,AX#80578
583,1/15/2019,3/5/2019,8,Marketing Segment 2,AX#98410
584,1/16/2019,4/14/2019,12,Marketing Segment 2,AX#58557
585,1/16/2019,4/27/2019,45,Marketing Segment 2,AX#67541
586,1/17/2019,4/28/2019,758,Marketing Segment 3,AX#87972
587,1/18/2019,4/28/2019,97,Marketing Segment 2,AX#63853
588,1/18/2019,2/26/2019,3,Marketing Segment 2,AX#70060
589,1/19/2019,4/13/2019,31,Marketing Segment 2,AX#66464
590,1/19/2019,4/28/2019,202,Marketing Segment 2,AX#72826
591,1/19/2019,3/8/2019,5,Marketing Segment 3,AX#29662
592,1/20/2019,2/11/2019,1,Marketing Segment 2,AX#22339
593,1/20/2019,4/23/2019,16,Marketing Segment 2,AX#39201
594,1/21/2019,4/28/2019,4,Marketing Segment 3,AX#46289
595,1/21/2019,4/28/2019,17,Marketing Segment 3,AX#27441
596,1/22/2019,4/28/2019,748,Marketing Segment 2,AX#76781
597,1/22/2019,4/26/2019,61,Marketing Segment 3,AX#70550
598,1/22/2019,3/2/2019,3,Marketing Segment 1,AX#76511
599,1/23/2019,4/27/2019,5,Marketing Segment 1,AX#88573
600,1/23/2019,3/16/2019,4,Marketing Segment 1,AX#98865
601,1/23/2019,3/6/2019,497,Marketing Segment 3,AX#59809
602,1/23/2019,4/28/2019,1,Marketing Segment 3,AX#87528
603,1/23/2019,4/13/2019,43,Marketing Segment 1,AX#95780
604,1/24/2019,3/27/2019,3,Marketing Segment 3,AX#78033
605,1/24/2019,4/20/2019,109,Marketing Segment 3,AX#90354
606,1/25/2019,4/25/2019,37,Marketing Segment 2,AX#15162
607,1/25/2019,2/27/2019,1,Marketing Segment 3,AX#51170
608,1/25/2019,3/18/2019,3,Marketing Segment 2,AX#96748
609,1/26/2019,3/29/2019,29,Marketing Segment 2,AX#51785
610,1/26/2019,4/27/2019,45,Marketing Segment 2,AX#47642
611,1/26/2019,4/28/2019,179,Marketing Segment 2,AX#15397
612,1/26/2019,4/24/2019,5,Marketing Segment 3,AX#44976
613,1/26/2019,4/16/2019,1,Marketing Segment 2,AX#58982
614,1/27/2019,4/9/2019,65,Marketing Segment 2,AX#81847
615,1/27/2019,4/22/2019,235,Marketing Segment 2,AX#56540
616,1/27/2019,4/28/2019,1107,Marketing Segment 2,AX#96393
617,1/27/2019,4/28/2019,451,Marketing Segment 2,AX#41742
618,1/27/2019,2/9/2019,1,Marketing Segment 2,AX#89206
619,1/27/2019,4/24/2019,2,Marketing Segment 3,AX#88952
620,1/28/2019,4/25/2019,23,Marketing Segment 2,AX#64456
621,1/29/2019,4/20/2019,90,Marketing Segment 2,AX#47154
622,1/29/2019,4/26/2019,1,Marketing Segment 3,AX#93152
623,1/29/2019,3/31/2019,22,Marketing Segment 2,AX#93087
624,1/30/2019,4/19/2019,1,Marketing Segment 3,AX#94925
625,1/30/2019,4/22/2019,27,Marketing Segment 3,AX#77290
626,1/30/2019,3/21/2019,5,Marketing Segment 3,AX#79366
627,1/31/2019,4/28/2019,12,Marketing Segment 1,AX#42276
628,1/31/2019,4/28/2019,134,Marketing Segment 2,AX#24635
629,2/1/2019,2/23/2019,14,Marketing Segment 2,AX#67693
630,2/1/2019,4/21/2019,27,Marketing Segment 1,AX#95030
631,2/1/2019,4/19/2019,6,Marketing Segment 3,AX#54192
632,2/2/2019,4/20/2019,6,Marketing Segment 2,AX#74595
633,2/2/2019,4/28/2019,28,Marketing Segment 2,AX#33514
634,2/2/2019,4/28/2019,6,Marketing Segment 2,AX#41087
635,2/3/2019,4/11/2019,0,Marketing Segment 1,AX#98071
636,2/3/2019,4/12/2019,0,Marketing Segment 2,AX#59025
637,2/3/2019,4/13/2019,12,Marketing Segment 2,AX#64920
638,2/3/2019,3/18/2019,0,Marketing Segment 3,AX#90848
639,2/4/2019,4/28/2019,183,Marketing Segment 1,AX#59947
640,2/4/2019,4/28/2019,4,Marketing Segment 3,AX#52206
641,2/4/2019,4/26/2019,11,Marketing Segment 1,AX#45144
642,2/4/2019,3/7/2019,1,Marketing Segment 3,AX#76860
643,2/5/2019,4/28/2019,47,Marketing Segment 2,AX#30054
644,2/5/2019,4/28/2019,17,Marketing Segment 2,AX#12587
645,2/5/2019,4/15/2019,5,Marketing Segment 3,AX#13658
646,2/5/2019,3/8/2019,2,Marketing Segment 3,AX#23716
647,2/5/2019,3/29/2019,4,Marketing Segment 2,AX#33692
648,2/6/2019,4/20/2019,19,Marketing Segment 2,AX#66770
649,2/8/2019,4/28/2019,36,Marketing Segment 2,AX#53146
650,2/8/2019,4/20/2019,2,Marketing Segment 3,AX#86626
651,2/8/2019,4/8/2019,197,Marketing Segment 1,AX#82120
652,2/9/2019,4/27/2019,11,Marketing Segment 2,AX#25819
653,2/9/2019,4/28/2019,481,Marketing Segment 2,AX#22056
654,2/10/2019,4/14/2019,132,Marketing Segment 1,AX#86847
655,2/10/2019,3/15/2019,2,Marketing Segment 3,AX#96356
656,2/10/2019,4/16/2019,1,Marketing Segment 3,AX#32393
657,2/11/2019,4/14/2019,9,Marketing Segment 1,AX#56862
658,2/11/2019,4/23/2019,3,Marketing Segment 2,AX#26861
659,2/11/2019,3/26/2019,3,Marketing Segment 3,AX#97308
660,2/11/2019,4/21/2019,5,Marketing Segment 3,AX#43194
661,2/11/2019,4/28/2019,281,Marketing Segment 3,AX#86510
662,2/12/2019,4/28/2019,19,Marketing Segment 2,AX#18896
663,2/12/2019,4/13/2019,18,Marketing Segment 3,AX#77421
664,2/12/2019,3/16/2019,1,Marketing Segment 3,AX#30456
665,2/13/2019,4/25/2019,2,Marketing Segment 1,AX#44522
666,2/13/2019,4/16/2019,2,Marketing Segment 3,AX#49620
667,2/14/2019,3/9/2019,4,Marketing Segment 1,AX#71168
668,2/14/2019,4/28/2019,26,Marketing Segment 2,AX#80260
669,2/15/2019,4/28/2019,16,Marketing Segment 1,AX#63798
670,2/15/2019,4/22/2019,2,Marketing Segment 2,AX#85469
671,2/16/2019,4/27/2019,1,Marketing Segment 1,AX#47676
672,2/16/2019,4/28/2019,1845,Marketing Segment 1,AX#53748
673,2/16/2019,4/28/2019,65,Marketing Segment 1,AX#54591
674,2/16/2019,4/22/2019,8,Marketing Segment 2,AX#29351
675,2/16/2019,4/28/2019,2425,Marketing Segment 2,AX#69767
676,2/16/2019,4/3/2019,15,Marketing Segment 3,AX#12437
677,2/17/2019,4/4/2019,2,Marketing Segment 1,AX#80774
678,2/17/2019,4/27/2019,1,Marketing Segment 1,AX#28960
679,2/17/2019,3/23/2019,10,Marketing Segment 3,AX#98628
680,2/18/2019,4/28/2019,2,Marketing Segment 2,AX#78680
681,2/18/2019,4/26/2019,19,Marketing Segment 3,AX#52317
682,2/18/2019,4/14/2019,0,Marketing Segment 1,AX#76650
683,2/19/2019,4/20/2019,22,Marketing Segment 2,AX#40499
684,2/19/2019,4/17/2019,1,Marketing Segment 3,AX#65166
685,2/19/2019,4/22/2019,26,Marketing Segment 2,AX#11814
686,2/19/2019,3/18/2019,7,Marketing Segment 2,AX#93975
687,2/20/2019,4/22/2019,19,Marketing Segment 3,AX#43222
688,2/20/2019,2/20/2019,0,Marketing Segment 3,AX#15601
689,2/20/2019,3/24/2019,1,Marketing Segment 3,AX#36264
690,2/20/2019,4/22/2019,4,Marketing Segment 3,AX#51111
691,2/21/2019,4/28/2019,10,Marketing Segment 2,AX#98628
692,2/21/2019,4/28/2019,279,Marketing Segment 3,AX#97918
693,2/21/2019,3/8/2019,0,Marketing Segment 3,AX#59134
694,2/21/2019,3/2/2019,2,Marketing Segment 3,AX#13495
695,2/22/2019,4/12/2019,1,Marketing Segment 2,AX#35192
696,2/22/2019,4/22/2019,6,Marketing Segment 2,AX#63877
697,2/22/2019,4/25/2019,0,Marketing Segment 2,AX#35491
698,2/22/2019,4/27/2019,22,Marketing Segment 2,AX#39759
699,2/22/2019,4/28/2019,11,Marketing Segment 2,AX#97320
700,2/22/2019,4/27/2019,7,Marketing Segment 3,AX#32906
701,2/22/2019,4/25/2019,6,Marketing Segment 3,AX#12066
702,2/22/2019,4/26/2019,10,Marketing Segment 3,AX#62706
703,2/23/2019,4/28/2019,2,Marketing Segment 2,AX#46869
704,2/23/2019,4/28/2019,5,Marketing Segment 2,AX#78825
705,2/23/2019,4/28/2019,1956,Marketing Segment 2,AX#13119
706,2/23/2019,4/28/2019,122,Marketing Segment 2,AX#43803
707,2/23/2019,4/28/2019,16,Marketing Segment 3,AX#41765
708,2/23/2019,3/19/2019,1,Marketing Segment 2,AX#40035
709,2/24/2019,4/27/2019,161,Marketing Segment 2,AX#23931
710,2/24/2019,4/28/2019,35,Marketing Segment 3,AX#40992
711,2/24/2019,3/2/2019,0,Marketing Segment 2,AX#72107
712,2/25/2019,4/28/2019,10,Marketing Segment 1,AX#84649
713,2/25/2019,4/26/2019,1,Marketing Segment 2,AX#34123
714,2/25/2019,3/31/2019,7,Marketing Segment 3,AX#46903
715,2/26/2019,3/24/2019,19,Marketing Segment 3,AX#23004
716,2/26/2019,4/6/2019,19,Marketing Segment 3,AX#73167
717,2/27/2019,4/27/2019,4,Marketing Segment 1,AX#96172
718,2/27/2019,4/26/2019,4,Marketing Segment 3,AX#20527
719,2/27/2019,4/26/2019,24,Marketing Segment 3,AX#80710
720,2/27/2019,4/28/2019,6,Marketing Segment 3,AX#98461
721,2/27/2019,4/3/2019,29,Marketing Segment 2,AX#60099
722,2/28/2019,4/27/2019,30,Marketing Segment 2,AX#46542
723,2/28/2019,4/26/2019,37,Marketing Segment 3,AX#84283
724,3/1/2019,4/28/2019,29,Marketing Segment 1,AX#77800
725,3/1/2019,4/1/2019,2,Marketing Segment 3,AX#55846
726,3/1/2019,4/28/2019,20,Marketing Segment 3,AX#62560
727,3/1/2019,4/28/2019,17,Marketing Segment 3,AX#55073
728,3/1/2019,3/29/2019,10,Marketing Segment 2,AX#35711
729,3/2/2019,4/28/2019,351,Marketing Segment 2,AX#30305
730,3/2/2019,4/28/2019,12,Marketing Segment 2,AX#30976
731,3/2/2019,3/22/2019,132,Marketing Segment 2,AX#56481
732,3/3/2019,4/28/2019,15,Marketing Segment 1,AX#81129
733,3/3/2019,4/28/2019,112,Marketing Segment 2,AX#84422
734,3/3/2019,4/28/2019,17,Marketing Segment 3,AX#88727
735,3/3/2019,4/27/2019,2,Marketing Segment 2,AX#20618
736,3/4/2019,4/22/2019,140,Marketing Segment 1,AX#12095
737,3/4/2019,4/27/2019,1,Marketing Segment 2,AX#87186
738,3/4/2019,4/28/2019,192,Marketing Segment 2,AX#21366
739,3/4/2019,3/23/2019,9,Marketing Segment 3,AX#11895
740,3/5/2019,4/28/2019,59,Marketing Segment 2,AX#63383
741,3/5/2019,4/17/2019,3,Marketing Segment 3,AX#80335
742,3/5/2019,4/28/2019,8,Marketing Segment 1,AX#84113
743,3/5/2019,3/29/2019,5,Marketing Segment 2,AX#84180
744,3/6/2019,4/22/2019,8,Marketing Segment 2,AX#70704
745,3/6/2019,4/28/2019,2060,Marketing Segment 3,AX#67771
746,3/7/2019,4/12/2019,0,Marketing Segment 1,AX#37174
747,3/7/2019,4/25/2019,5,Marketing Segment 1,AX#56787
748,3/7/2019,4/14/2019,7,Marketing Segment 3,AX#24008
749,3/7/2019,4/26/2019,0,Marketing Segment 3,AX#54865
750,3/7/2019,4/26/2019,9,Marketing Segment 1,AX#50880
751,3/7/2019,4/28/2019,3,Marketing Segment 2,AX#27952
752,3/8/2019,4/20/2019,1,Marketing Segment 2,AX#65974
753,3/8/2019,4/26/2019,15,Marketing Segment 2,AX#84666
754,3/8/2019,4/28/2019,96,Marketing Segment 2,AX#91297
755,3/8/2019,4/27/2019,5,Marketing Segment 3,AX#67493
756,3/8/2019,4/28/2019,1,Marketing Segment 3,AX#33860
757,3/9/2019,4/24/2019,1,Marketing Segment 2,AX#24554
758,3/9/2019,4/28/2019,2,Marketing Segment 2,AX#15798
759,3/9/2019,3/31/2019,1,Marketing Segment 2,AX#52053
760,3/10/2019,4/21/2019,280,Marketing Segment 1,AX#68931
761,3/10/2019,4/22/2019,52,Marketing Segment 1,AX#76858
762,3/10/2019,4/28/2019,2,Marketing Segment 1,AX#15744
763,3/10/2019,4/28/2019,11,Marketing Segment 1,AX#38891
764,3/10/2019,4/28/2019,43,Marketing Segment 2,AX#35535
765,3/10/2019,3/16/2019,5,Marketing Segment 2,AX#91651
766,3/11/2019,4/12/2019,129,Marketing Segment 2,AX#22139
767,3/11/2019,4/28/2019,253,Marketing Segment 2,AX#25113
768,3/11/2019,4/28/2019,0,Marketing Segment 3,AX#88687
769,3/11/2019,4/28/2019,330,Marketing Segment 3,AX#59015
770,3/11/2019,3/12/2019,0,Marketing Segment 3,AX#37061
771,3/11/2019,4/28/2019,38,Marketing Segment 1,AX#36690
772,3/11/2019,4/20/2019,2,Marketing Segment 1,AX#31138
773,3/11/2019,3/18/2019,0,Marketing Segment 3,AX#26040
774,3/12/2019,4/28/2019,3,Marketing Segment 1,AX#38696
775,3/12/2019,4/26/2019,1,Marketing Segment 2,AX#61254
776,3/12/2019,4/26/2019,3,Marketing Segment 2,AX#60531
777,3/12/2019,4/28/2019,17,Marketing Segment 2,AX#46186
778,3/12/2019,4/28/2019,26,Marketing Segment 3,AX#81105
779,3/13/2019,4/27/2019,3,Marketing Segment 2,AX#41290
780,3/13/2019,4/28/2019,25,Marketing Segment 2,AX#24118
781,3/14/2019,4/16/2019,2,Marketing Segment 2,AX#44643
782,3/15/2019,4/26/2019,585,Marketing Segment 2,AX#70691
783,3/15/2019,4/28/2019,69,Marketing Segment 2,AX#57842
784,3/15/2019,4/11/2019,0,Marketing Segment 3,AX#32524
785,3/15/2019,4/26/2019,35,Marketing Segment 3,AX#28461
786,3/15/2019,4/27/2019,8,Marketing Segment 3,AX#90183
787,3/16/2019,4/28/2019,8,Marketing Segment 2,AX#96333
788,3/16/2019,4/28/2019,1854,Marketing Segment 2,AX#86130
789,3/16/2019,4/21/2019,20,Marketing Segment 3,AX#51228
790,3/16/2019,4/28/2019,1326,Marketing Segment 1,AX#35063
791,3/17/2019,4/26/2019,1,Marketing Segment 2,AX#35725
792,3/17/2019,4/28/2019,6,Marketing Segment 2,AX#81230
793,3/17/2019,4/28/2019,196,Marketing Segment 1,AX#34669
794,3/18/2019,4/26/2019,21,Marketing Segment 1,AX#20602
795,3/18/2019,4/6/2019,1,Marketing Segment 2,AX#94880
796,3/18/2019,4/28/2019,6,Marketing Segment 2,AX#34022
797,3/18/2019,4/28/2019,18,Marketing Segment 2,AX#87300
798,3/18/2019,4/28/2019,512,Marketing Segment 2,AX#89567
799,3/18/2019,4/25/2019,9,Marketing Segment 3,AX#62839
800,3/18/2019,3/24/2019,2,Marketing Segment 3,AX#87870
801,3/19/2019,4/18/2019,8,Marketing Segment 3,AX#10042
802,3/19/2019,4/28/2019,3456,Marketing Segment 3,AX#80821
803,3/20/2019,4/22/2019,13,Marketing Segment 1,AX#43948
804,3/20/2019,4/22/2019,4,Marketing Segment 1,AX#72002
805,3/21/2019,4/28/2019,37,Marketing Segment 1,AX#74467
806,3/21/2019,4/27/2019,6,Marketing Segment 2,AX#84772
807,3/21/2019,4/28/2019,1,Marketing Segment 3,AX#37860
808,3/21/2019,4/28/2019,42,Marketing Segment 1,AX#42798
809,3/22/2019,4/28/2019,49,Marketing Segment 2,AX#11275
810,3/22/2019,4/28/2019,5,Marketing Segment 2,AX#22912
811,3/22/2019,4/20/2019,3,Marketing Segment 3,AX#31145
812,3/22/2019,4/28/2019,13,Marketing Segment 3,AX#37703
813,3/22/2019,4/7/2019,3,Marketing Segment 1,AX#35821
814,3/23/2019,4/23/2019,9,Marketing Segment 1,AX#21943
815,3/23/2019,4/20/2019,13,Marketing Segment 2,AX#13965
816,3/23/2019,4/28/2019,0,Marketing Segment 3,AX#85731
817,3/23/2019,4/27/2019,793,Marketing Segment 1,AX#88215
818,3/24/2019,4/28/2019,2,Marketing Segment 2,AX#81746
819,3/25/2019,4/28/2019,0,Marketing Segment 1,AX#97315
820,3/25/2019,4/7/2019,0,Marketing Segment 2,AX#78482
821,3/25/2019,4/28/2019,5,Marketing Segment 2,AX#63884
822,3/25/2019,4/28/2019,8,Marketing Segment 2,AX#97102
823,3/25/2019,4/26/2019,3,Marketing Segment 3,AX#50289
824,3/25/2019,4/20/2019,301,Marketing Segment 3,AX#13363
825,3/25/2019,4/28/2019,19,Marketing Segment 3,AX#77600
826,3/25/2019,4/28/2019,25,Marketing Segment 3,AX#89139
827,3/25/2019,4/28/2019,2,Marketing Segment 3,AX#72811
828,3/25/2019,4/28/2019,4,Marketing Segment 1,AX#54941
829,3/26/2019,4/12/2019,1,Marketing Segment 2,AX#70000
830,3/26/2019,4/6/2019,1,Marketing Segment 3,AX#92139
831,3/26/2019,4/25/2019,8,Marketing Segment 2,AX#24546
832,3/27/2019,3/28/2019,0,Marketing Segment 2,AX#84034
833,3/27/2019,4/21/2019,1,Marketing Segment 2,AX#86930
834,3/27/2019,4/28/2019,42,Marketing Segment 2,AX#87330
835,3/27/2019,4/28/2019,28,Marketing Segment 2,AX#15095
836,3/27/2019,4/28/2019,0,Marketing Segment 3,AX#60223
837,3/28/2019,4/28/2019,4973,Marketing Segment 1,AX#55479
838,3/28/2019,4/28/2019,12,Marketing Segment 3,AX#70673
839,3/28/2019,4/28/2019,2,Marketing Segment 3,AX#79839
840,3/29/2019,4/19/2019,9,Marketing Segment 1,AX#97623
841,3/29/2019,4/28/2019,121,Marketing Segment 2,AX#23090
842,3/29/2019,4/27/2019,4,Marketing Segment 3,AX#72519
843,3/30/2019,4/28/2019,3,Marketing Segment 1,AX#46173
844,3/30/2019,4/28/2019,29,Marketing Segment 2,AX#47762
845,3/30/2019,4/20/2019,1,Marketing Segment 3,AX#49324
846,3/30/2019,4/28/2019,1,Marketing Segment 3,AX#38041
847,3/31/2019,4/25/2019,1,Marketing Segment 1,AX#41596
848,3/31/2019,4/27/2019,0,Marketing Segment 1,AX#17447
849,3/31/2019,4/27/2019,940,Marketing Segment 2,AX#60784
850,3/31/2019,4/28/2019,2,Marketing Segment 3,AX#78437
851,3/31/2019,4/28/2019,39,Marketing Segment 3,AX#42184
852,3/31/2019,4/22/2019,1,Marketing Segment 2,AX#62247
853,4/1/2019,4/23/2019,1,Marketing Segment 1,AX#70178
854,4/1/2019,4/28/2019,11,Marketing Segment 1,AX#79812
855,4/1/2019,4/27/2019,23,Marketing Segment 2,AX#80667
856,4/1/2019,4/28/2019,94,Marketing Segment 2,AX#80794
857,4/1/2019,4/2/2019,0,Marketing Segment 3,AX#63012
858,4/1/2019,4/8/2019,2,Marketing Segment 3,AX#55485
859,4/1/2019,4/25/2019,2,Marketing Segment 3,AX#60243
860,4/1/2019,4/28/2019,1,Marketing Segment 3,AX#10855
861,4/1/2019,4/28/2019,8,Marketing Segment 3,AX#86867
862,4/1/2019,4/23/2019,2,Marketing Segment 3,AX#36888
863,4/2/2019,4/2/2019,0,Marketing Segment 1,AX#51807
864,4/2/2019,4/3/2019,0,Marketing Segment 1,AX#67500
865,4/2/2019,4/5/2019,0,Marketing Segment 1,AX#14455
866,4/2/2019,4/9/2019,0,Marketing Segment 1,AX#21243
867,4/2/2019,4/12/2019,0,Marketing Segment 1,AX#95727
868,4/2/2019,4/20/2019,0,Marketing Segment 1,AX#75536
869,4/2/2019,4/22/2019,1,Marketing Segment 1,AX#98004
870,4/2/2019,4/28/2019,10,Marketing Segment 1,AX#68898
871,4/2/2019,4/10/2019,1,Marketing Segment 2,AX#71494
872,4/2/2019,4/28/2019,32,Marketing Segment 2,AX#14149
873,4/2/2019,4/28/2019,2,Marketing Segment 2,AX#59180
874,4/2/2019,4/2/2019,0,Marketing Segment 3,AX#41124
875,4/2/2019,4/4/2019,0,Marketing Segment 3,AX#66792
876,4/2/2019,4/6/2019,0,Marketing Segment 3,AX#86348
877,4/2/2019,4/21/2019,1,Marketing Segment 3,AX#29185
878,4/2/2019,4/25/2019,1,Marketing Segment 3,AX#51524
879,4/2/2019,4/26/2019,1,Marketing Segment 3,AX#95865
880,4/2/2019,4/28/2019,5,Marketing Segment 3,AX#45042
881,4/2/2019,4/28/2019,3,Marketing Segment 3,AX#77798
882,4/2/2019,4/28/2019,0,Marketing Segment 3,AX#54567
883,4/2/2019,4/28/2019,16,Marketing Segment 3,AX#28123
884,4/2/2019,4/6/2019,0,Marketing Segment 2,AX#15745
885,4/2/2019,4/6/2019,0,Marketing Segment 1,AX#22742
886,4/2/2019,4/14/2019,0,Marketing Segment 1,AX#86886
887,4/2/2019,4/23/2019,0,Marketing Segment 1,AX#60575
888,4/2/2019,4/27/2019,1,Marketing Segment 1,AX#55027
889,4/2/2019,4/23/2019,0,Marketing Segment 2,AX#20599
890,4/3/2019,4/28/2019,12,Marketing Segment 1,AX#79821
891,4/3/2019,4/26/2019,1,Marketing Segment 2,AX#37169
892,4/3/2019,4/28/2019,30,Marketing Segment 3,AX#36126
893,4/3/2019,4/26/2019,0,Marketing Segment 2,AX#22213
894,4/4/2019,4/4/2019,1,Marketing Segment 1,AX#74321
895,4/4/2019,4/5/2019,2,Marketing Segment 1,AX#74328
896,4/4/2019,4/18/2019,2,Marketing Segment 1,AX#40360
897,4/4/2019,4/26/2019,2,Marketing Segment 1,AX#27421
898,4/4/2019,4/28/2019,10,Marketing Segment 1,AX#96682
899,4/4/2019,4/26/2019,29,Marketing Segment 2,AX#44904
900,4/4/2019,4/27/2019,2,Marketing Segment 2,AX#86634
901,4/4/2019,4/27/2019,2,Marketing Segment 3,AX#46061
902,4/4/2019,4/28/2019,0,Marketing Segment 3,AX#54805
903,4/4/2019,4/28/2019,2,Marketing Segment 1,AX#87767
904,4/5/2019,4/13/2019,0,Marketing Segment 2,AX#20037
905,4/5/2019,4/23/2019,0,Marketing Segment 2,AX#68840
906,4/5/2019,4/26/2019,4,Marketing Segment 2,AX#50288
907,4/5/2019,4/28/2019,50,Marketing Segment 2,AX#38167
908,4/5/2019,4/28/2019,22,Marketing Segment 2,AX#27913
909,4/5/2019,4/28/2019,9,Marketing Segment 2,AX#25531
910,4/5/2019,4/7/2019,0,Marketing Segment 3,AX#63559
911,4/5/2019,4/28/2019,0,Marketing Segment 3,AX#31269
912,4/5/2019,4/11/2019,0,Marketing Segment 2,AX#30312
913,4/5/2019,4/5/2019,0,Marketing Segment 1,AX#96744
914,4/5/2019,4/23/2019,0,Marketing Segment 3,AX#29017
915,4/6/2019,4/10/2019,0,Marketing Segment 1,AX#53553
916,4/6/2019,4/28/2019,0,Marketing Segment 2,AX#62265
917,4/6/2019,4/6/2019,0,Marketing Segment 3,AX#74184
918,4/6/2019,4/22/2019,2,Marketing Segment 3,AX#91564
919,4/6/2019,4/27/2019,0,Marketing Segment 3,AX#15152
920,4/6/2019,4/28/2019,5,Marketing Segment 3,AX#70731
921,4/6/2019,4/26/2019,0,Marketing Segment 1,AX#38468
922,4/6/2019,4/7/2019,0,Marketing Segment 3,AX#78668
923,4/6/2019,4/27/2019,0,Marketing Segment 3,AX#19466
924,4/7/2019,4/22/2019,5,Marketing Segment 1,AX#63854
925,4/7/2019,4/25/2019,0,Marketing Segment 2,AX#77144
926,4/7/2019,4/27/2019,32,Marketing Segment 2,AX#26014
927,4/7/2019,4/28/2019,1,Marketing Segment 2,AX#93960
928,4/7/2019,4/28/2019,16,Marketing Segment 2,AX#13439
929,4/7/2019,4/27/2019,1,Marketing Segment 3,AX#43824
930,4/8/2019,4/28/2019,1,Marketing Segment 1,AX#54716
931,4/8/2019,4/9/2019,0,Marketing Segment 2,AX#48697
932,4/8/2019,4/22/2019,2,Marketing Segment 2,AX#48140
933,4/8/2019,4/25/2019,0,Marketing Segment 3,AX#53717
934,4/8/2019,4/28/2019,9,Marketing Segment 3,AX#25517
935,4/8/2019,4/16/2019,1,Marketing Segment 3,AX#18293
936,4/9/2019,4/24/2019,7,Marketing Segment 3,AX#40728
937,4/10/2019,4/28/2019,2,Marketing Segment 2,AX#69425
938,4/11/2019,4/24/2019,8,Marketing Segment 1,AX#33188
939,4/11/2019,4/28/2019,4,Marketing Segment 2,AX#82689
940,4/11/2019,4/28/2019,1,Marketing Segment 3,AX#90448
941,4/12/2019,4/19/2019,2,Marketing Segment 3,AX#60319
942,4/13/2019,4/20/2019,2,Marketing Segment 1,AX#26135
943,4/13/2019,4/27/2019,8,Marketing Segment 1,AX#53065
944,4/13/2019,4/27/2019,2,Marketing Segment 2,AX#59784
945,4/13/2019,4/28/2019,4,Marketing Segment 2,AX#73537
946,4/13/2019,4/13/2019,0,Marketing Segment 3,AX#39575
947,4/13/2019,4/21/2019,1,Marketing Segment 3,AX#26954
948,4/13/2019,4/22/2019,4,Marketing Segment 3,AX#11967
949,4/13/2019,4/26/2019,0,Marketing Segment 3,AX#17708
950,4/14/2019,4/25/2019,0,Marketing Segment 2,AX#24238
951,4/14/2019,4/27/2019,0,Marketing Segment 2,AX#53866
952,4/14/2019,4/28/2019,1,Marketing Segment 3,AX#73675
953,4/14/2019,4/28/2019,0,Marketing Segment 3,AX#21446
954,4/14/2019,4/27/2019,2,Marketing Segment 1,AX#80264
955,4/15/2019,4/23/2019,1,Marketing Segment 1,AX#77941
956,4/15/2019,4/28/2019,3,Marketing Segment 3,AX#91400
957,4/15/2019,4/28/2019,1,Marketing Segment 3,AX#28173
958,4/15/2019,4/28/2019,21,Marketing Segment 3,AX#23984
959,4/16/2019,4/28/2019,2,Marketing Segment 1,AX#16963
960,4/16/2019,4/21/2019,1,Marketing Segment 2,AX#17721
961,4/16/2019,4/22/2019,4,Marketing Segment 2,AX#44389
962,4/16/2019,4/26/2019,0,Marketing Segment 2,AX#19129
963,4/16/2019,4/28/2019,2,Marketing Segment 2,AX#64101
964,4/16/2019,4/28/2019,6,Marketing Segment 2,AX#78177
965,4/16/2019,4/27/2019,1,Marketing Segment 3,AX#13626
966,4/16/2019,4/28/2019,0,Marketing Segment 3,AX#26564
967,4/17/2019,4/28/2019,5,Marketing Segment 1,AX#63062
968,4/17/2019,4/28/2019,3,Marketing Segment 2,AX#42813
969,4/17/2019,4/28/2019,7,Marketing Segment 2,AX#65990
970,4/18/2019,4/18/2019,0,Marketing Segment 1,AX#54532
971,4/18/2019,4/28/2019,3,Marketing Segment 2,AX#78451
972,4/18/2019,4/28/2019,51,Marketing Segment 2,AX#31034
973,4/18/2019,4/24/2019,6,Marketing Segment 3,AX#57708
974,4/19/2019,4/27/2019,21,Marketing Segment 2,AX#64485
975,4/19/2019,4/23/2019,0,Marketing Segment 3,AX#70115
976,4/20/2019,4/26/2019,0,Marketing Segment 1,AX#64706
977,4/20/2019,4/28/2019,1,Marketing Segment 2,AX#84696
978,4/20/2019,4/28/2019,11,Marketing Segment 2,AX#68529
979,4/20/2019,4/28/2019,6,Marketing Segment 2,AX#78357
980,4/20/2019,4/25/2019,0,Marketing Segment 3,AX#98347
981,4/21/2019,4/28/2019,4,Marketing Segment 2,AX#21766
982,4/22/2019,4/28/2019,1,Marketing Segment 1,AX#90375
983,4/22/2019,4/25/2019,0,Marketing Segment 2,AX#49331
984,4/22/2019,4/28/2019,1,Marketing Segment 2,AX#83481
985,4/22/2019,4/22/2019,0,Marketing Segment 3,AX#11324
986,4/22/2019,4/23/2019,0,Marketing Segment 3,AX#53571
987,4/22/2019,4/23/2019,0,Marketing Segment 3,AX#21170
988,4/22/2019,4/27/2019,0,Marketing Segment 3,AX#20477
989,4/22/2019,4/28/2019,9,Marketing Segment 3,AX#67663
990,4/22/2019,4/28/2019,0,Marketing Segment 3,AX#93205
991,4/23/2019,4/28/2019,0,Marketing Segment 1,AX#52388
992,4/23/2019,4/28/2019,2,Marketing Segment 2,AX#98604
993,4/23/2019,4/28/2019,1,Marketing Segment 2,AX#97065
994,4/23/2019,4/28/2019,1,Marketing Segment 1,AX#25362
995,4/24/2019,4/26/2019,0,Marketing Segment 1,AX#90542
996,4/25/2019,4/28/2019,1,Marketing Segment 2,AX#88630
997,4/26/2019,4/26/2019,0,Marketing Segment 2,AX#53242
998,4/27/2019,4/27/2019,1,Marketing Segment 3,AX#50772
999,4/28/2019,4/28/2019,0,Marketing Segment 1,AX#75078
1000,4/28/2019,4/28/2019,0,Marketing Segment 2,AX#89342